{
	"48": [{"x": 27.8208086134896, "y": 612.140292039926}],
	"49": [{"x": 57.9708086134892, "y": 226.340292045169}],
	"50": [{"x": 87.8922371746999, "y": 608.505470448879}],
	"51": [{"x": 118.02657783516, "y": 230.12586910917}],
	"52": [{"x": 147.506522869335, "y": 604.870649032823}],
	"53": [{"x": 206.6636657084, "y": 601.235827616766}],
	"54": [{"x": 236.672731647955, "y": 237.69702293162}],
	"55": [{"x": 265.363665691895, "y": 597.601006200709}],
	"56": [{"x": 295.263116248929, "y": 241.482599842846}],
	"57": [{"x": 323.606522819815, "y": 593.966184784652}],
	"58": [{"x": 353.365039312964, "y": 245.268176754073}],
	"59": [{"x": 381.392237092165, "y": 590.331363368595}],
	"60": [{"x": 438.720808508944, "y": 586.696541952539}],
	"61": [{"x": 468.103500830195, "y": 252.839330576523}],
	"62": [{"x": 495.592237070155, "y": 583.061720536482}],
	"63": [{"x": 524.740039283395, "y": 256.624907487746}],
	"64": [{"x": 552.006522775795, "y": 579.426899120426}],
	"65": [{"x": 607.96366562586, "y": 575.792077704368}],
	"66": [{"x": 636.54773157896, "y": 264.196061310199}],
	"67": [{"x": 663.46366562036, "y": 572.157256288311}],
	"68": [{"x": 691.718885421325, "y": 267.981638221421}],
	"69": [{"x": 718.50652275929, "y": 568.522434872254}],
	"70": [{"x": 746.40157772674, "y": 271.767215132648}],
	"71": [{"x": 773.092237042645, "y": 564.887613456197}],
	"72": [{"x": 827.22080847043, "y": 561.25279204014}],
	"73": [{"x": 854.301577726739, "y": 279.338368955099}],
	"74": [{"x": 880.892237042644, "y": 557.617970624088}],
	"75": [{"x": 907.518885421325, "y": 283.123945866325}],
	"76": [{"x": 934.106522759284, "y": 553.983149208031}],
	"77": [{"x": 986.863665620355, "y": 550.348327791974}],
	"78": [{"x": 1012.48811619965, "y": 290.695099688774}],
	"79": [{"x": 1039.16366562586, "y": 546.713506375918}],
	"80": [{"x": 1064.24003928341, "y": 294.4806766}],
	"81": [{"x": 1091.00652277579, "y": 543.078684959861}],
	"82": [{"x": 1115.50350083021, "y": 298.266253511225}],
	"83": [{"x": 1142.39223707014, "y": 539.443863543804}],
	"84": [{"x": 1193.32080850893, "y": 535.809042127748}],
	"85": [{"x": 1216.56503931298, "y": 305.837407333676}],
	"86": [{"x": 1243.79223709216, "y": 532.17422071169}],
	"87": [{"x": 1266.36311624895, "y": 309.622984244901}],
	"88": [{"x": 1293.8065228198, "y": 528.539399295633}],
	"89": [{"x": 1343.36366569188, "y": 524.904577879575}],
	"90": [{"x": 1364.49388551004, "y": 317.194138067352}],
	"91": [{"x": 1392.46366570838, "y": 521.269756463519}],
	"92": [{"x": 1412.82657783518, "y": 320.979714978577}],
	"93": [{"x": 1441.10652286932, "y": 517.634935047462}],
	"94": [{"x": 1460.67080861351, "y": 324.765292042578}],
	"95": [{"x": 1489.29223717468, "y": 514.000113631405}],
	"96": [{"x": 1537.02080861347, "y": 510.36529204036}]
}